date,GDP,Hours_worked,Real_wage_growth,GDP_Deflator_Inflation,Core_PCE_Inflation,short_term_interest,Consumption_growth,Investment_growth,Spread,expected_inflation,long_term_interest,tfp,GDI
1959-03-31,,,,,,0.645,,,0.21999999999999997,,0.9975,1.0495760846234865,
1959-06-30,2.016216874900323,,0.6867609968428834,0.15752169179976683,0.5335403007962647,0.77,1.3927353036025991,2.946749684272376,0.1725000000000001,,1.065,0.8215816119443609,2.4780456487154545
1959-09-30,0.09733616439762116,,0.18821263211310502,0.3861893197723898,0.6645391867757588,0.8925,0.8913634705864482,0.6225194990868488,0.15500000000000003,,1.125,-1.380001712751106,-0.798259884975927
1959-12-31,0.3597926130466611,,0.5486307652929567,0.39121129636252583,0.571538991506193,0.9975,-0.02465955388029073,-1.6960923127850691,0.17249999999999988,,1.145,-0.7255049151637946,0.7560104877551765
1960-03-31,1.9436812898355527,,1.728019774719114,0.39616872727861185,0.3161158350962534,0.9825,0.0027213853130092502,2.350534410316385,0.20499999999999985,,1.1225,2.5300442929308997,1.9210626049260604
1960-06-30,-0.5708752382969529,,0.3910058038718134,0.25246817100215146,0.3780246437203427,0.925,1.2273857043609837,-2.194094490693388,0.24750000000000005,,1.065,-3.4103736951209735,-0.047330158597969074
1960-09-30,0.5135820012634795,,0.2528064820702558,0.3420792699069697,0.395393868745364,0.735,-0.6912337142612301,-2.8488967757002825,0.3174999999999999,,0.9575,-0.8600061352459409,0.02907855672766857
1960-12-31,-1.3470935878967971,,0.1183709789210785,0.2959533782123991,0.3251832019413481,0.575,-0.07660550308070668,-0.9913473930467376,0.3024999999999999,,0.9725,-2.0881766065640472,-0.5995713189602014
1961-03-31,0.5242065968593224,,0.663912649708498,0.21818657182945955,0.16842897216475805,0.4975,-0.43288469545110786,-1.6261150113793477,0.3174999999999999,,0.9475,-0.02677706157942545,0.054734891443253275
1961-06-30,1.590566387751835,,1.164868109864825,0.23050336752170608,0.32979713162859525,0.4325,0.9306905374037555,1.1500180567121987,0.3074999999999999,,0.9475,2.9522358181471766,1.5813601874059557
1961-09-30,1.8508165873605265,,0.49228131074704473,0.2554932406676702,0.43392083953768257,0.42,0.2878850244218967,1.7726778003060772,0.2825000000000001,,0.995,0.8483574015398838,1.5484161206871683
1961-12-31,2.096606320303085,,0.4159104193623975,0.31209222491193067,0.24094164190642253,0.6,1.6102115207623058,2.6533704165602856,0.28500000000000003,,0.9925,0.8963421310038941,2.496226138908053
1962-03-31,2.123403739559837,,1.0666100759531782,0.5137812196279512,0.36954957060499893,0.615,0.8324156076486844,1.2993528513993269,0.26,,1.005,-0.08691687828188004,1.5605348152925025
1962-06-30,0.695929992080746,,0.5053794430040504,0.16435935174810012,0.38043857629599387,0.6525,1.033333887915333,2.3535431183917765,0.2849999999999999,,0.9675,-0.4520587513060538,0.9013038013860886
1962-09-30,0.9751686411703986,,0.49849504881982476,0.20822167348941711,0.3301745585866822,0.7125,0.41065458768798635,0.10960294501867196,0.2649999999999999,,0.9975,0.8852174643915286,0.7609242854255349
1962-12-31,-0.02898293026118992,,0.6857491349869349,0.20778901157618712,0.18905326563882774,0.73,0.9176336526078188,-1.1704055990202633,0.265,,0.975,0.4875255635961186,0.8076558083933705
1963-03-31,1.0327704070291155,,0.5610068596656914,0.43307772066434325,0.3284674486063288,0.7425,0.07082996847973533,0.39719670719264855,0.2499999999999999,,0.9725,-0.3400016670589335,0.8089247396493526
1963-06-30,0.8590370270965764,,0.3383759411100917,0.17520810439171086,0.37580356993545116,0.74,0.4819042864752987,3.6043525226300943,0.22249999999999992,,0.99,0.181966426731406,1.1883722265474184
1963-09-30,1.895297657494055,,0.8881172132713111,0.13120491713833893,0.386450574543451,0.8325,1.2909007754334567,1.5856269944638512,0.2024999999999999,,1.0075,1.6843535314468563,1.061868658167242
1963-12-31,1.0402677842889396,,0.3194446058437328,0.8084118399958928,0.4809724897671064,0.8625,-0.04410736107995916,1.9822703509023043,0.17999999999999994,,1.03,-0.6078300814297797,1.2513454645334932
1964-03-31,1.9795271202900366,-154.6540080753989,-0.6325368036624979,0.3153698931435578,0.4249340565376514,0.865,1.6959420215949095,2.373269963527491,0.1625000000000001,,1.045,0.5253764163477628,1.5454315889489756
1964-06-30,0.9135515103864122,-153.39195477730198,0.8775340399795439,0.2281768434724718,0.2922147769172323,0.8725,1.3301743577009972,0.046054620209368125,0.16249999999999987,,1.05,-0.19440964302583272,1.2987389627616253
1964-09-30,1.5183627263110289,-153.96965577126082,0.9139035143901353,0.39959478985118757,0.279487590130989,0.865,1.3303225567257826,0.9240245466990871,0.15749999999999997,,1.0475,0.6248346274807002,1.3759315648734116
1964-12-31,0.3212715158515067,-153.81971987616484,0.2807476305967449,0.45298804198594667,0.2550189680875725,0.895,-0.27048115900250025,0.9693766866469389,0.15999999999999992,,1.0425,-1.0851535829074992,0.9691165166936244
1965-03-31,2.475250825706965,-153.29578555361297,-0.09000021396334823,0.4995745737947921,0.37836285161785277,0.995,1.6039068030849535,3.5548019700460287,0.14749999999999996,,1.05,1.7024052079580994,2.290553313460908
1965-06-30,1.3075771250732338,-152.69604176045368,0.2011987770163648,0.4608023675571893,0.3063691785397893,1.02,0.7268804314012556,2.1201844433416994,0.15250000000000008,,1.0525,-0.7815212912960826,1.3194783157701728
1965-09-30,2.2544745676045252,-152.62315020833682,0.6738104889436269,0.38640391010624775,0.3112980106331431,1.02,1.3669694951380151,2.1608911164870293,0.15999999999999992,,1.0625,1.5800513052185368,1.4565912813001347
1965-12-31,2.628945094110513,-152.31743700938418,0.7860096149627016,0.684605124006854,0.3337141939547372,1.0425,2.0735423586778268,2.385846098333566,0.125,,1.1175,1.1407311153738544,2.515107934899863
1966-03-31,2.7779934561284136,-151.84672066001986,1.0910300238513138,0.6383317722589155,0.49558449097406587,1.14,1.3084783103481712,2.337095498109143,0.10000000000000009,,1.1925,1.4386279519002443,2.541113174156351
1966-06-30,0.875004854995165,-151.80419380797704,0.7630473282929207,0.8172980051618595,0.8109404959901312,1.2275,-0.018631699627569276,-0.44224560728860496,0.1775,,1.195,-1.8531212775657462,1.1981422678965181
1966-09-30,1.5193687131437983,-151.93052517337975,0.46337439459528396,0.9626747273204117,0.8215840072070879,1.3525,0.6491616504527897,-1.1281097261523598,0.1825000000000001,,1.285,-1.1114459286833294,1.3628009511999828
1966-12-31,1.3551066131309852,-151.7140103194477,0.5042581572439531,0.8319079945134256,0.8602816195516283,1.39,0.060354658121219984,-2.6576324660751993,0.2849999999999999,,1.25,-0.48071449096601476,1.4191447689059444
1967-03-31,0.9643339069189238,-152.9472939169787,0.913779777487822,0.41625775546210164,0.5487525438450991,1.205,0.10561552790075979,-2.2769105504064413,0.32499999999999996,,1.145,-0.6482965793930582,0.6646614792534145
1967-06-30,0.19493442999323207,-153.2671830352363,1.1005461399312355,0.5064176098849238,0.6691244847826461,0.9975,0.9442364149895965,2.0334559858515178,0.29000000000000004,,1.205,-0.2717123858444216,0.6824789582332791
1967-09-30,1.403846692456856,-152.80041514116206,0.382375206639074,0.9540476260541553,0.9037718420267016,0.9725,-0.006443065155892214,0.37992847922136974,0.27,,1.3125,-0.6288465390476974,1.50766046773132
1967-12-31,1.402688455760881,-152.58377478776325,0.2545939431197408,1.1082325343330979,1.00570002764786,1.0425,-0.10334707061883108,2.580983888784516,0.27,,1.41,-0.4756694645945052,1.6552088293448897
1968-03-31,2.7322168835573812,-153.3883003717976,1.5373725958437445,1.101646818760571,1.131685259397397,1.1975,1.9423191576349197,1.7806427972516303,0.30499999999999994,,1.4025,1.4807329145428867,2.1857073138245475
1968-06-30,2.368962874431091,-152.6052583263874,0.5648977803254907,1.0511271817418955,1.1566446102352579,1.495,1.1328996542461667,-0.6885100587062709,0.31999999999999984,,1.435,0.42220616864599264,2.20965482981601
1968-09-30,1.3409000049793285,-152.8142756886764,0.6466431953327301,0.9748160435897102,1.1115381903417099,1.4875,1.5027952413321444,0.7626468320498958,0.3500000000000001,,1.365,-0.3131549223790636,1.9170337312116814
1968-12-31,1.3180655177428058,-153.03349320456545,0.5609079116289939,1.4016518673491518,1.1571206696356473,1.48,-0.33435416534910445,2.583530230374542,0.31500000000000017,,1.4425,-1.1451246303350817,1.6003528792591482
1969-03-31,2.1331682474961866,-152.612887647813,0.3277125932564129,1.0265274059594987,1.0867400578343123,1.6425,0.6088212046401864,2.4199584413365116,0.30000000000000004,,1.545,-0.8817361906067732,1.5496626455925977
1969-06-30,1.1597503515885954,-152.45233200341193,0.3399570825887044,1.2632637139636138,1.1880918719357592,2.0825,0.253461354540363,-0.06699581147415756,0.31000000000000005,,1.5875,-1.2614839101418727,1.463133216414736
1969-09-30,1.625529322880137,-152.44310785832297,0.36468348681762963,1.397821747814021,1.1487630477653887,2.245,-0.13576335486433777,0.5140612063648575,0.2649999999999999,,1.715,-0.8614554957728616,1.6409569545020375
1969-12-31,0.30888434149414223,-152.38784066626548,0.622095549820556,1.2814420262719395,1.165826119048452,2.235,0.1878627372262187,-2.714998579769201,0.26749999999999985,,1.825,-1.8644481985247405,0.5883313296382475
1970-03-31,0.7310540790434139,-153.18048728740413,0.3823584296607341,1.4014650016490382,1.0829259709069117,2.14,-0.14712388700370838,-1.617567817638843,0.3474999999999999,,1.8425,-1.4682025316991028,0.20273216043280584
1970-06-30,0.9936687647836173,-154.70431414265747,0.18645531003703697,1.3820951097439416,1.1253265193154505,1.97,-0.3603799299376931,-1.864323025924719,0.3175000000000001,,1.9275,-0.20856256775294696,0.8697795051101131
1970-09-30,1.1669796631247564,-155.56872597771846,0.781497995974767,0.8172205655728071,1.1079499334575083,1.6775,0.4521882888610662,0.074512220464662,0.48750000000000004,,1.865,0.9052572950872255,1.0773999093353304
1970-12-31,-0.3487836586490545,-156.38896876941268,-0.3392600572594273,1.3132937320978755,1.3930285755410665,1.3925,-0.8764755587581163,-0.7673806152418194,0.6074999999999999,,1.7125,-2.298199658965825,-0.21491486969367202
1971-03-31,3.628773352379522,-157.12527962023415,0.5357508210706574,1.5074933979422944,1.26051089868211,0.965,0.7715344579260375,1.6722699587049306,0.6275,,1.505,2.6669176299219486,2.923335026234408
1971-06-30,1.2742648756479014,-157.11242253269856,0.152438789213849,1.3054020531638955,1.132717208108014,1.1425,0.16614656500220093,3.1938077529321873,0.5899999999999999,,1.5625,-0.6212821082061663,1.3861777360178351
1971-09-30,1.2807611904993799,-157.2438370334461,0.34746775797637186,1.012511887627543,0.9396292037302523,1.37,0.2070455898456558,1.2968645311094207,0.5549999999999997,,1.62,0.52533884173155,1.30481163028362
1971-12-31,0.49941186339026444,-156.6394192924857,-0.14896949083692546,0.8305773099210434,0.5678554535728075,1.1875,0.8588680927953618,2.103593154996375,0.6300000000000001,,1.4725,-0.9291397700400572,1.5208000529304044
1972-03-31,2.2033615938013895,-156.27628967498205,1.234346465279046,1.5126648877820337,0.9575589167523546,0.8875,-0.2710965057442394,2.764774489757471,0.55,,1.5075,0.6508540946197645,1.8201213818689332
1972-06-30,2.3385889914627533,-155.99032273994632,0.5456886780593306,0.6205531868535008,0.6725769502838208,1.075,1.312937092129829,1.2369702833858298,0.5200000000000002,,1.535,1.4906616343289587,1.3686355139328477
1972-09-30,1.3626753365951316,-156.09189562441296,0.37145241389324735,0.9507066038433098,0.749033372979957,1.185,0.9195795476475865,0.6267787523725588,0.47,,1.5725,0.18517648151852714,2.0468882913901254
1972-12-31,2.449692211884269,-155.63093338899276,0.6009613052537333,1.2670582084318482,0.627382743492344,1.2875,1.3894456942972866,3.947250838766614,0.405,,1.5925,1.5894122144406502,3.3302872776172165
1973-03-31,3.0763847010350176,-155.13845756527436,1.4538758209667546,1.1457007192054114,0.6944781506894149,1.635,1.3545233584828509,3.1892398380309217,0.3425,,1.65,1.4118471865181752,2.401393950143138
1973-06-30,2.091365410919277,-154.52244786361913,-0.1425422929263065,1.5276801837976084,1.352771295735078,1.955,-0.1829227870967287,0.4781680888148898,0.32000000000000006,,1.7025,-0.99531847395618,1.5547796413172499
1973-09-30,0.8859112332833874,-154.68252603778677,-0.20828556457409553,1.926230166038545,1.3174389986401636,2.64,-0.2759757341877389,-0.6244662393083189,0.31500000000000017,,1.8025,-2.391419397738059,1.734775049138193
1973-12-31,2.4117617427831917,-154.13227529883724,0.02377925395284919,1.9731808274160656,1.38554495343568,2.5,-0.7477480370612355,-1.97325305315168,0.4224999999999999,,1.6875,-0.5417230186885048,2.513385333032314
1974-03-31,0.4934776122610174,-154.642331477035,0.3750828545196594,1.8695990386506711,1.7022226813889763,2.3325,-0.34288420938732855,-2.390680332652373,0.37249999999999983,,1.7625,-3.5086227013297684,0.5607412824182312
1974-06-30,2.0628986114068937,-155.28068787665254,0.23012790424877805,2.335837226813453,2.4532224962757976,2.8125,0.3007817631964116,-1.2421115751743983,0.3800000000000001,,1.885,-1.5749980700594055,1.4317336174057615
1974-09-30,1.4395560089323745,-155.4991967856478,0.026362288332149042,2.889737331764275,2.816520106628584,3.025,-0.2983452249280205,-1.311921531375937,0.46250000000000013,,1.99,-2.3220942678309773,1.8458412680386616
1974-12-31,2.00963599677193,-157.39037607437461,-0.19748436094305655,2.8990863123520505,2.4141065992270505,2.335,-2.37245256382721,-5.125086011318025,0.7250000000000001,,1.9175,-1.453254764682705,1.2003481496159374
1975-03-31,0.5381696135142278,-160.1385420257977,0.6844087423521161,2.2477044447769323,1.9358416781775745,1.5775,-0.04687823832050242,-5.27761698004614,0.7775000000000001,,1.885,-0.5052368523822973,0.6195907644781506
1975-06-30,1.7139338100656154,-160.64109609645328,0.6240174238938523,1.4745158577167405,1.5138934203421162,1.355,0.8941193896225386,-0.8140000562924854,0.645,,2.0125,1.1264306414280842,1.826964357080918
1975-09-30,2.880292227075021,-159.9938897635277,0.010184328096296547,1.7497566230273875,1.4876245926930043,1.54,0.942652790183196,1.249551328653986,0.5699999999999998,,2.075,1.4804587927104333,3.196236368591876
1975-12-31,2.504855609361023,-159.7899633280346,-0.03962485663062676,1.6600094497194906,1.614857772925271,1.3525,0.5892251907518187,1.2807305541041814,0.6299999999999999,,2.015,-0.1473069289741743,2.170606882003323
1976-03-31,2.7973611560296874,-158.62576865001782,0.8593845835405678,1.0510423762621457,1.5105101631224915,1.2075,1.545343715243952,3.440901282827191,0.6275,,1.9375,1.7176217910473806,2.6279292274172583
1976-06-30,1.2843970068898258,-158.32532872276263,0.854801509604497,1.0022894440482766,1.1914852956253608,1.3,0.29848732744692796,1.9087512182716537,0.5325000000000002,,1.9425,-0.01354217179999846,1.1796058420625144
1976-09-30,1.3486338731521386,-158.16396843834656,0.7905378844283328,1.2847410795069791,1.5541173330595903,1.32,0.7940239025099771,0.750962383210485,0.4724999999999997,,1.9325,-0.3955283035368835,1.5603805061047638
1976-12-31,2.05472403242295,-158.70712673193123,0.3292489306863211,1.776687940560251,1.5543280592789976,1.2175,0.6385916251881341,3.9688240238676897,0.5050000000000001,,1.7975,-0.4347842557695387,1.6453335447343065
1977-03-31,2.335070169912523,-158.5463251066279,0.2864534143411257,1.594792932120459,1.668829620893142,1.165,0.9260906903065802,3.428214130674867,0.43999999999999995,,1.8375,0.22782901521638407,2.2643424852922145
1977-06-30,2.8581533919947333,-157.02673829421204,0.6228612830684988,1.4015874812484785,1.515357903746395,1.29,0.36849691840714627,5.04685275582748,0.4075,,1.8425,0.5942027055322849,3.250987249913795
1977-09-30,2.508563012029885,-156.9813468411416,0.7111994130479804,1.2096791978572163,1.6496101971127608,1.455,0.7315535389588845,1.7568967758082366,0.36749999999999994,,1.84,1.200965040265413,2.543173585400904
1977-12-31,1.6944097785810186,-156.10343597695834,-0.4253284159596249,2.138712920984176,1.4427457696704504,1.6275,0.31946716963204835,1.2380918475045632,0.33499999999999996,,1.9,-1.7768569901581763,2.2673419526975103
1978-03-31,1.3334741288292484,-156.4005713027996,1.1780989336636516,1.4419591650586927,1.5490815840616623,1.69,0.3088822092344401,0.8946263515225539,0.2974999999999999,,2.0025,-1.1998507635877855,1.6111979126302245
1978-06-30,5.253952022450825,-154.92542593032496,-0.19880277925305445,1.894864309957578,1.7094433359300165,1.82,1.8252061293484445,6.322645974920427,0.2875000000000001,,2.08,2.274505910039574,4.430675606134926
1978-09-30,2.2265607804478726,-154.79780130150618,0.20358905471130062,1.6841428930372881,1.7021556107268854,2.0225,0.017530519585839954,2.4721153141639363,0.25249999999999995,,2.1225,-0.7361519296476391,1.950073170905764
1978-12-31,2.8955572820214215,-154.5090715785938,0.4351168934014771,2.024497839360162,1.779039027231688,2.395,0.18387487137427883,1.671716399433798,0.24249999999999972,,2.205,-0.58974608911299,2.5241456053124445
1979-03-31,1.5370836587937475,-154.0861405491678,0.7285022898587568,1.806851404581522,1.3568648099400615,2.5175,0.1331937286693119,0.7149526789572036,0.2625000000000002,,2.2775,-1.2960405847376892,2.1494769453462403
1979-06-30,2.1049928954474773,-154.94797741745288,-0.15604994667002825,2.420054988718201,2.172913398162324,2.545,-0.2065807359505456,-0.8812158026795913,0.3200000000000003,,2.2775,-2.1718108760863144,1.4948296532566907
1979-09-30,2.4458313012154953,-154.4447503401139,0.03282064396401552,2.163293213563966,1.8305303190658595,2.735,0.8065968964107384,1.51251977538287,0.32250000000000023,,2.275,-1.2056974120427404,1.8267842717807348
1979-12-31,1.5730166846124938,-154.36100253612395,0.6490147039489469,1.8384465733384037,2.063383816442377,3.395,0.2901159115461738,-1.2672340541163507,0.34250000000000025,,2.6125,-1.195412037731418,1.7194282465854194
1980-03-31,1.967794013954638,-155.1236779161641,0.685528850191397,2.0793091592090196,2.417870048801829,3.7675,0.30771688391428853,-1.5189073562517308,0.37250000000000005,,2.9975,-0.8364431905534634,1.5761456524468365
1980-06-30,-0.12257946936982123,-157.2805798523059,0.3065881157269357,2.3510301899289043,2.2115248664585696,3.1675,-2.601552427686471,-9.015804019883333,0.7199999999999998,,2.62,-3.328830855982739,0.3273700009259528
1980-09-30,1.6775149825055458,-158.03474726579734,0.2957261849451276,2.2090655418415484,2.2028194010057067,2.455,0.7848032303767738,0.718342492580959,0.5550000000000002,,2.7375,-0.47343433907027427,2.5349986594862983
1980-12-31,4.073323396399342,-156.92260510118302,0.05562853734555895,2.5713716930404917,2.405282035777878,3.9625,0.8707442894536399,2.896371018144883,0.5625,,3.105,1.2769737037066973,4.523563051831658
1981-03-31,4.193202334826029,-156.5278128848336,-0.12395387603335029,2.600061818805832,2.1944019839478024,4.15,-0.05170115009018872,0.5654594665369217,0.5724999999999998,,3.24,0.8039820473995347,2.9789757343422707
1981-06-30,0.8901889399503649,-156.297809938139,-0.24641248421264916,1.9622378997809609,1.873735651084374,4.4475,-0.6137991885957206,0.6786326628269279,0.5049999999999999,,3.4375,-1.8086823421863252,1.6805319342091174
1981-09-30,2.7155266158783053,-157.52153511008862,0.3354999882134835,1.8647477738931606,1.82486373622619,4.3975,-0.11330155593061164,-0.5110671771001662,0.4075000000000002,,3.7125,1.0581604730389886,2.9557496214859924
1981-12-31,0.27986211041004516,-158.5487310068998,-0.08793589385795997,1.7132210806908077,1.7614889769396846,3.3975,-1.2222444100611796,-0.38003102256976007,0.6475,,3.5225,-3.3100619552698487,0.3291522831213811
1982-03-31,-0.4948763427655045,-160.07403290708376,1.2232781854908503,1.3662426065019329,1.4546477642200184,3.5525,0.3284766221625546,-3.0959406451348315,0.6850000000000005,0.9612157083333333,3.5725,-2.3255806217301513,0.27537245015221146
1982-06-30,1.4414628925389028,-160.0546619130622,-0.5186928639127342,1.2906547113524347,1.3420539824281263,3.6275,-0.3370257793068987,-3.582348822244974,0.7125000000000004,1.0397106999999999,3.4825,-1.058511967541696,1.350342460189724
1982-09-30,0.7342417344821328,-160.54878521649255,0.1346394500428838,1.4087662410800394,1.5911107874651886,2.7525,0.5301195579580309,-3.4942262494460863,0.7825000000000002,1.0030275333333334,3.28,-1.5125492141818482,0.728590670426188
1982-12-31,0.7674939139998394,-161.8542721710998,0.4244484170576601,1.0313596070396613,1.3837248846498174,2.32,1.5016363301498359,-1.0107091073027874,0.9300000000000002,1.187464675,2.6675,-0.5010084005918611,0.291152237210035
1983-03-31,1.7960338369435114,-161.80736640781092,0.2585289233631882,0.7527515121835915,1.3033032123375143,2.165,0.783703445219075,0.9187936261929153,0.8174999999999999,1.2447441666666668,2.64,0.2623475327055867,1.5510610625379506
1983-06-30,2.7301552042494848,-160.68714643340775,0.2260760080140478,0.7386686668569009,0.7621253655558213,2.2,1.9242357070405447,2.4177627278920255,0.6775000000000002,1.2604787583333332,2.635,1.5650827302989212,2.145092216199007
1983-09-30,2.753868607602028,-159.31639950941536,-0.5199270055076144,1.0581218891888788,1.5091929746521515,2.365,1.7455055343432946,4.1412636714198925,0.47499999999999964,1.1881263916666667,2.9075,0.0077319955249197745,2.153159874602961
1983-12-31,2.5335213919802424,-158.0748307497871,0.3880405864271408,0.7546418969000879,0.7962541267190648,2.3575,1.200596773312057,4.599006569412367,0.48,1.1730592499999999,2.9225,1.2167372320922856,2.7683101513513275
1984-03-31,2.527436708012276,-157.16276698138262,0.13427043685819706,1.0083771775584616,1.005481297811306,2.4225,0.4837191156786602,1.879002429310539,0.4500000000000002,1.1632005083333334,2.985,1.4108186562717429,3.284524174576209
1984-06-30,2.31166791448687,-156.3821795740575,0.19531841642951298,0.8516439379312235,1.1645972171932417,2.6375,1.2528561065833443,3.213541363571615,0.375,1.075666875,3.3,0.7152446631768204,2.217164361930779
1984-09-30,1.578137282403791,-156.34164998807864,0.5664683126734182,0.8848717246543014,0.9344115829108546,2.8475,0.35585156399147166,1.2139287046103675,0.4600000000000004,1.0677117833333334,3.2175,-0.4281381502857094,1.671474814426066
1984-12-31,1.258476157766264,-156.38066892168746,0.05246040511402428,0.744829918963319,0.7084632977115479,2.315,0.854939093018281,1.0464141163147644,0.4674999999999998,1.1601353666666667,2.935,-0.6909310166713531,1.5355632206047076
1985-03-31,1.7283264380635988,-156.2553686898574,0.2725453088815777,0.9838925850292668,1.3554900214383991,2.12,1.6514226820866895,0.04812616058256225,0.4525000000000001,1.1459955416666665,2.895,0.11880321014276397,1.6010479686576762
1985-06-30,1.279794826386338,-156.32898369467668,0.3044023334734358,0.6413831473287335,0.8627868144158501,1.98,0.8426174167576406,0.5907260774586476,0.5524999999999998,1.2074908333333332,2.7025,-0.9780223863894351,1.1200471843672677
1985-09-30,1.8547677662301698,-156.5088243560599,0.8646821823050099,0.6019966636882756,1.0224343715603101,1.975,1.7997887843762328,-0.8069934619568286,0.5325000000000002,1.2635359416666667,2.585,0.9612718089165814,1.5448019459820106
1985-12-31,1.0027091488975515,-156.0264774363115,1.3132164026581072,0.5574423009822027,0.7146634790433648,2.025,0.05785796265715959,1.6678316280163585,0.5550000000000002,1.2932743416666668,2.44,-0.6179717743267057,0.8225653182096782
1986-03-31,0.9326045294679286,-155.8623225540132,0.922734729661201,0.4961437512026379,1.0732432442458695,1.9575,0.588813877263128,-0.1894161384164761,0.6149999999999998,1.4011876416666667,2.14,0.4055454311199912,0.9855034417415975
1986-06-30,0.5518009945292057,-156.28190930407158,0.7717543092035706,0.37775003027702425,0.6826628866854811,1.73,0.3300564553297747,0.12570114333882998,0.6675,1.4775528583333335,1.9,-0.4991045009214838,0.3797398359093318
1986-09-30,1.076760969517876,-155.8699445783124,0.832367032811876,0.4090695525908572,0.6857346335233494,1.5525,1.5836437778650847,-0.30470703982725666,0.7175,1.5008912083333334,1.8275,-0.3626315738884462,0.7490960576763683
1986-12-31,0.7862969640282991,-155.68849590718457,0.7863474370962464,0.543474380080422,0.8109940248086644,1.5675,0.37738446921409263,0.5747291538392929,0.7075,1.502479258333333,1.815,-0.9440143142870981,1.034382971384984
1987-03-31,1.0258777724130752,-154.81806435794613,-0.19919385568559766,0.6376379443937097,0.6300522407959086,1.555,0.046624952953422394,-2.3539977316795913,0.6174999999999999,1.5186020500000001,1.7975,-0.9440810520343017,1.317468620289608
1987-06-30,1.4747027794377754,-154.54200148622414,0.0371054150295258,0.690311863217552,0.9668296699236745,1.6625,1.3336820597578125,0.7659375902186127,0.5049999999999999,1.4410621333333333,2.085,1.0926856985281028,1.983617178651631
1987-09-30,1.3504284248897935,-154.1793945384925,0.26059563776489325,0.755004763202205,0.8924037035885846,1.71,1.0518748556513913,0.983268776098889,0.5074999999999998,1.3907955833333334,2.22,-0.08233264580836319,1.9302350762170128
1987-12-31,2.2496015461683783,-153.84246197513642,0.3874301016692505,0.7940182397070394,1.0099692057703002,1.73,0.03194672767001805,-0.1387383062960268,0.5650000000000004,1.3489478583333332,2.28,0.06647222672586557,1.8746560583764893
1988-03-31,1.0248670684649408,-153.90589923297577,0.9474110275649539,0.7803778354101176,0.9615282256576041,1.6675,1.4856716029001404,-0.12441063400636665,0.5825,1.4076209666666664,2.105,0.00681775889239164,1.6960374004717949
1988-06-30,2.0443685566331915,-153.67156781154299,0.23198520020361602,0.9683570547604159,1.2034888089771378,1.7875,0.6359115799741133,1.3782614810974536,0.5175000000000001,1.3900027166666669,2.2275,-0.5095613848546888,1.8837445559199306
1988-09-30,1.527932228282003,-153.67452823790734,0.041422363669479934,1.1888239188545313,1.1463756769699351,1.995,0.6770972918252127,-0.45948916578399945,0.49250000000000016,1.3792301833333331,2.275,-0.12271923239171284,1.8415462257586501
1988-12-31,1.9613265695261894,-152.9905772155859,-0.11260254078167553,0.8600423655695799,1.1104523941569688,2.1175,1.0532768296940276,1.0349443216245646,0.38749999999999973,1.3905821916666667,2.24,-0.254578301802924,1.9983648743557403
1989-03-31,1.7680938623373166,-152.50793191587636,-0.7568142613366691,1.0372760489537391,1.086042273085841,2.3625,0.29118861039787447,0.12856040574291683,0.35749999999999993,1.3444251,2.3025,-0.8295326677004677,1.3645952020108432
1989-06-30,1.6019951524175458,-152.6989528940066,-0.6496977982425156,1.0599653036294399,0.9050464355025767,2.4325,0.5281052266042252,-0.5035949842625342,0.3999999999999999,1.3831262333333334,2.1925,-1.6416843164897685,0.663533677439343
1989-09-30,1.238822440334797,-152.68015999695695,0.16447326733884382,0.7271615183737978,0.7408462263910565,2.27,0.597768370130769,1.2843286148692457,0.4450000000000003,1.4743588,2.0275,-0.5316645286395167,0.9147061154618719
1989-12-31,0.683966899172539,-152.95509567316736,0.7154785330729552,0.7098074802074805,0.9124525065434597,2.1525,0.2873861994618032,-1.683097993152316,0.4750000000000001,1.471906975,1.9775,-1.004821455936835,0.5972451504453691
1990-03-31,1.3596213564579074,-152.62367059325146,0.8311706273705199,1.0733186391957084,1.1449570786077778,2.0625,0.4051184081755643,-0.08921262433592148,0.41999999999999993,1.43398715,2.105,0.3934967870960656,1.2223879592764941
1990-06-30,1.2662144991869795,-153.22458282146135,0.814686762697836,1.114383528426277,1.1103793014482832,2.06,-0.1143085201378291,-2.9283772477466385,0.4075000000000002,1.4074211416666667,2.17,0.11497734833916838,1.45904446706
1990-09-30,0.688992923088394,-153.98571481137333,0.45518590067091247,0.8524597597557637,1.0060313852015668,2.04,0.575743796104522,-1.2979068772128954,0.43000000000000016,1.4248863250000001,2.175,-1.0218422125569862,0.551720449349391
1990-12-31,-0.44332050548314683,-154.55238258104802,0.012705314631794584,0.7420688206555504,0.8361389807233444,1.935,-0.46301642788639796,-3.0906208263033363,0.5499999999999998,1.4152951583333335,2.1,-2.090311204962086,0.007285033671289298
1991-03-31,0.29212899452915053,-155.54919708903174,-0.3938110639906345,0.9743403399463446,0.8826240015021192,1.6075,-1.0406887488667138,-3.1574926537407677,0.5449999999999999,1.4439063333333335,2.005,-1.1805975853487036,0.5533728962419993
1991-06-30,1.306123178768459,-155.7958185747128,1.1723252405064055,0.7311235137420269,0.7689679444503383,1.465,0.4338638486031776,-0.4565761873443819,0.4474999999999998,1.4440169250000001,2.0325,0.7878761254444688,0.8214179431645707
1991-09-30,1.038772604836069,-156.09804275809523,0.40685381213399485,0.7794322564790512,0.8952897530495108,1.4125,0.15163723392515038,-0.8053913200834373,0.43499999999999983,1.4416120499999998,1.985,-0.007408380089539952,0.8063698043340839
1991-12-31,0.6629473021774412,-156.35882327201904,0.7361042173695764,0.5911091974515337,0.7847529472882364,1.205,-0.19829888661240247,-0.7601332820362572,0.5125000000000002,1.4975252666666665,1.8375,-0.49530244573042287,0.6653597734432193
1992-03-31,1.3400921331449211,-156.34300935489455,2.2014400736896977,0.37069313634336964,0.7614050344877832,1.005,1.887332634806782,0.34476606581108626,0.47499999999999987,1.5083157666666667,1.825,2.924732167495529,1.84941391150244
1992-06-30,1.453144021638808,-155.6029506195346,0.32677682353675075,0.5998606554793007,0.7043107455095843,0.9425,0.5151153407197739,2.597845494119788,0.4375000000000002,1.481943775,1.845,0.15987325430750185,1.207209138250187
1992-09-30,1.2026391174062567,-155.8713369671376,0.6421634424210787,0.4881326690869159,0.5896060525127034,0.815,0.9448292253000368,0.6256617873170001,0.5199999999999998,1.5466199499999997,1.655,-0.28133382129753925,0.5389054048892561
1992-12-31,1.4173468915731569,-156.10937967065473,-0.1470596520566747,0.6850971179848564,0.7306165644378915,0.7575,0.888226571340045,2.240688243848332,0.5324999999999998,1.5620882416666668,1.685,-0.2403046196996059,1.3177930642256364
1993-03-31,0.47289786482291873,-155.97327614191477,-1.3011154959818139,0.5594927164526808,0.6871932580989615,0.76,0.16503422301283877,0.26916604682583056,0.53,1.5858933666666668,1.57,-2.257826594297395,-0.04207252203736189
1993-06-30,0.9431055797857635,-155.35813773698078,0.15199862631569694,0.5938827342547803,0.7567045163417774,0.75,0.751268269064731,1.2982064926717385,0.5375000000000001,1.6172680416666667,1.4975,-0.4019319338161028,1.5594082186123792
1993-09-30,0.8053923300715748,-154.77669875530037,-0.5578675789237431,0.5919297000459345,0.557020407552411,0.765,0.6853382086667636,0.8931390605470213,0.5,1.6373018250000002,1.405,-1.2807326767198333,0.5268739251639065
1993-12-31,1.6116351759682956,-154.6246779822905,0.18165647434227883,0.5436605839807207,0.5135069315991281,0.7475,0.6224060431865297,3.4219198617890356,0.4849999999999999,1.6402180583333332,1.4025,1.223081416302066,2.1871540084649865
1994-03-31,1.20569426828383,-154.16899971034877,-1.056267289614926,0.47771036866075534,0.4527565318546145,0.8025,0.7787719490203848,1.0109640657754326,0.44499999999999984,1.6079135416666666,1.5175,-1.268103607153771,0.7904091138288827
1994-06-30,1.6055058532337796,-153.60908497382005,0.35025334994380763,0.48155909332496805,0.6701312587212627,0.985,0.6285488756378577,1.6230891009314519,0.3799999999999999,1.5251550083333334,1.77,-0.07604104914579814,1.798025045287499
1994-09-30,0.8860974505235486,-153.34941214432106,-0.6016017538152119,0.5720883039003866,0.5567507311229569,1.1225,0.6327238303502014,0.4180208480523362,0.37749999999999995,1.5132832166666668,1.8325,-1.1281313282758711,1.2365340852645623
1994-12-31,1.400907415555075,-152.65566791668832,0.23490334321912276,0.5400908220747347,0.5067913396264778,1.2925,0.7256876124391631,1.969724269711115,0.34250000000000025,1.4604168333333334,1.96,1.1267934121091423,1.4517664927762741
1995-03-31,0.7525853267281946,-152.76795079706363,0.04654511833906416,0.5417041425694435,0.5231864857583091,1.45,0.05516157615463868,2.036270646135563,0.3500000000000001,1.4613016166666664,1.87,-1.152946459814173,0.8119122469794959
1995-06-30,0.5684270984182227,-153.73640817286537,0.34341964118922985,0.47889720193765584,0.5914898184240514,1.505,0.7637293310358118,-0.3865500312739911,0.4025000000000001,1.5589379083333332,1.655,-0.6048227225787722,0.8528892462867699
1995-09-30,1.0808003086276052,-153.45737388251587,0.04954001048119716,0.4915189434028022,0.4755890573141741,1.45,0.562010349380504,0.9445002405318093,0.4325000000000001,1.5982255833333334,1.58,0.01910805617772129,1.4591740578905554
1995-12-31,0.8838960588273714,-153.50167619691902,0.324904929889247,0.48021620201534887,0.5006052229068025,1.43,0.3798677479877277,1.1461608191238426,0.4375,1.6313601166666665,1.4725,-0.32036055452886175,0.8564584644845219
1996-03-31,1.0135820164786313,-154.0429176638154,0.5975362513555849,0.47939723388079614,0.39239885943898045,1.3425,0.7787686931592042,1.6921090990129173,0.44999999999999996,1.6478704999999998,1.4775,0.38255015027831485,1.37644758509734
1996-06-30,1.8160103392554472,-153.12345625658986,0.5179778049260564,0.41392067935701604,0.4734074148725398,1.31,1.0716708986471701,2.214207424364645,0.39500000000000024,1.5742257333333334,1.68,0.7594457738341329,1.6105048990474824
1996-09-30,0.9348988776462175,-152.37698320855614,0.4338245530067397,0.32727008422144266,0.4556010520757603,1.3275,0.41710381836850274,1.9076363768562032,0.3774999999999997,1.5636652249999998,1.695,0.019554682181691402,0.9568061500089264
1996-12-31,1.2645170576156328,-152.19100987008756,0.04251656050477948,0.5319083749214748,0.5676538160817479,1.32,0.6399218292719944,0.7087426216200399,0.395,1.5874309749999997,1.585,-0.08769732722582849,1.4596554264731498
1997-03-31,0.7728881969931933,-152.14420205348054,0.5413398787387114,0.5957588094621435,0.3920829660826186,1.32,0.42822815940137815,0.8073631569406103,0.37750000000000017,1.5716847583333333,1.64,-0.8751071661507294,1.2238648486393
1997-06-30,1.633579384249506,-151.41591065849133,0.7122063548625657,0.1982821030712678,0.5203973469884104,1.38,0.28386100534483205,1.5473922929816197,0.37249999999999983,1.5553687166666665,1.675,1.0315488283889136,1.2678022977521852
1997-09-30,1.4142842534293543,-150.9178971400829,0.5601677931696747,0.4357053911413722,0.23274136506863385,1.3825,1.257098431475523,2.9294364254495164,0.3799999999999999,1.5911337916666666,1.56,0.8046016648013035,1.771656398629684
1997-12-31,0.9040254733570396,-150.77139419111356,1.45996793185858,0.33199464235051934,0.31688258785518286,1.3775,0.8905302009114102,0.0011606216409276726,0.38250000000000006,1.6089275333333335,1.4775,-0.0027949291167196225,1.4014265856319152
1998-03-31,0.9154800927716256,-151.073344326717,1.529981628854865,0.1419467006327224,0.2937470070262016,1.38,0.646377229134032,2.17514532774441,0.41500000000000004,1.6390646416666668,1.3975,0.5504528211941556,0.8926428996115288
1998-06-30,0.9082184038859076,-151.24876081538628,1.0229460132296586,0.23613099778474478,0.30530156678976184,1.375,1.4413446894956827,2.651194552662872,0.4125000000000001,1.6391981583333335,1.4,0.030343230018501827,1.4466163977387758
1998-09-30,1.3921114372342114,-151.29530988337544,1.1767232207637035,0.42221238922790505,0.3552401604368427,1.3825,0.8999468397147048,1.134347220040155,0.48249999999999993,1.65577875,1.3,0.8111882176173456,1.5184209427132167
1998-12-31,1.5789501986739118,-150.7535927154357,0.2797827666680991,0.2814340772215651,0.3183667196694273,1.215,1.1144328851961482,2.206992720560308,0.645,1.7418460416666668,1.1675,-0.34281077410162974,0.9349200831210158
1999-03-31,0.881582520902624,-150.93127366350413,1.4280898677072633,0.32451227684582307,0.2504123531594793,1.1825,0.5155208677487977,1.1650065052105418,0.605,1.7043457000000002,1.245,1.4918917552407163,1.333764256587422
1999-06-30,0.9411268264404082,-151.2864042556067,0.037172984281355625,0.3770365475047832,0.34653094788001937,1.1875,1.4401689416751573,1.7863466274206985,0.55,1.6662241416666665,1.385,-1.1671441579492177,0.5903905776006191
1999-09-30,1.3753203515962653,-151.02300457284133,0.5185791070536905,0.353150934390456,0.3670477204037681,1.275,1.0187002245371168,1.5336811744845136,0.5549999999999999,1.6207373083333332,1.47,0.01827474734087795,1.034474814868247
1999-12-31,1.8849119199224162,-150.7929818857039,1.4325125211974654,0.5532420708039609,0.46975454774624836,1.325,1.2086195897542673,-0.008714113068286622,0.5250000000000001,1.5913555166666669,1.535,0.7818802984102788,1.7087681805052934
2000-03-31,-0.3674260629216608,-150.45491271287773,2.805443021132217,0.6626505113035641,0.5226586605636463,1.42,0.25591998911584923,1.3967425478798035,0.4624999999999999,1.5596701416666665,1.62,-0.04753049035373863,1.2401121032083573
2000-06-30,2.11566747044567,-150.8157975231553,-0.3774188505045878,0.621064164764551,0.3473739234343576,1.5675,0.47524012090622847,1.6639675341487248,0.6025,1.5686088083333334,1.545,0.8391084438511451,0.9749103427492578
2000-09-30,0.3666013734616502,-151.3184476893863,1.3419145130589145,0.5829637584435332,0.4821732473306639,1.63,0.6963085291535442,-0.029126198838724804,0.6075000000000002,1.6162759916666665,1.4725,-0.8720180036077974,1.1769501723806197
2000-12-31,0.8324890398229368,-151.73237409646413,0.03298856539085682,0.5373232963207464,0.4931192745311286,1.6175,0.5974720266290312,-0.33249710391967113,0.6600000000000001,1.6423889916666665,1.3925,0.10093750651667158,0.2602443633519691
2001-03-31,0.07692085067860788,-151.70689855114372,1.5542848183792506,0.6591533729297439,0.6489023846675046,1.4,0.19034815551233208,-1.4561896755470372,0.7075,1.7258421416666665,1.2625,-1.4172657091193672,1.431037166673832
2001-06-30,0.9262069012707208,-152.7595972642151,-0.1798424090090428,0.599645252045633,0.3773564575451971,1.0825,-0.22758264993338884,-1.7672296747658578,0.6924999999999999,1.6844304,1.3175,0.1892419218661919,0.19596905825545186
2001-09-30,-0.3281994240912134,-153.64263421084942,-0.29780954589622155,0.3924103299183024,0.25689097577688,0.875,-0.3131341241337182,-1.194592422154983,0.7424999999999999,1.6812922833333332,1.245,-1.2015384166651781,-0.44419772641157707
2001-12-31,0.26769508322987967,-154.61909040788316,0.6093312834137665,0.3133581405784902,0.4818531251323144,0.5325,1.0081189670774648,-2.891646770211409,0.7875000000000001,1.7310270666666665,1.1925,-0.49650388685646396,-0.8272759318601608
2002-03-31,0.892417467531903,-154.96305032771627,0.12305343295012372,0.3137121362843054,0.30696415976834146,0.4325,-0.14673330502459336,-1.534345037049789,0.72,1.6859057166666669,1.27,1.6885643343661902,1.2558482908767488
2002-06-30,0.7105242481030505,-154.729372842845,0.5495647482068766,0.3485993045607927,0.5478472222154807,0.4375,0.6458065230137144,-0.6107536291676041,0.73,1.663073625,1.275,-0.10176388545236009,1.0410298570223464
2002-09-30,0.5779271172235312,-154.7073372941709,0.04314416317734715,0.4783398436898345,0.5320155020070771,0.435,0.4282623842346567,-1.01128068032601,0.8425,1.7504201833333335,1.065,1.3242672556158165e-05,0.4614200028818516
2002-12-31,0.39278268827578344,-155.42546268133924,-0.3768103380018428,0.5786267536255885,0.35524471629679866,0.36,0.13288092009000607,-0.7955468786734698,0.8975,1.7964259583333333,1.0025,-0.2854627603487622,0.9988697904084631
2003-03-31,0.2996555234422438,-155.85786654092226,0.11979347251554473,0.48770991460989066,0.30805242074478656,0.3125,0.04961921193915586,0.0789506307807386,0.8,1.8033533166666667,0.98,-0.05714511009545621,-0.2815982892093505
2003-06-30,0.9313951288684397,-156.3025853414326,1.3877720731680392,0.35119592728545257,0.37833235153010847,0.3125,0.586924921580323,1.6336072575073857,0.7124999999999999,1.8313818166666667,0.905,0.9613468615248282,0.8584838532270211
2003-09-30,1.8854052790409082,-156.71815316092633,0.9232351799036962,0.5705055792452285,0.45667392986645794,0.255,1.154506995882354,2.3268841272399143,0.6449999999999998,1.8019895,1.0575,1.359743098810652,1.3080275897042526
2003-12-31,1.4177533415009602,-156.23622097127966,0.7889048395227014,0.6072056277051985,0.4470381743913343,0.25,0.22598936444433448,1.518358096518746,0.5925,1.79338045,1.0725,0.1583920230589055,1.1064664291072557
2004-03-31,1.2403241688220934,-156.11611496157306,-0.9197039467052803,0.711025121906772,0.5491101774136808,0.25,0.9482750837467968,-0.1254984546260829,0.5625,1.7899339666666667,1.005,-0.11093883007084383,1.500148793756928
2004-06-30,1.2986198564920226,-156.09543880216637,1.0841524834338991,0.8037389542027817,0.5697878716738103,0.2525,0.13306473522352036,2.670947909577137,0.5150000000000001,1.7604087833333333,1.15,0.6141518887094768,1.6551689503129463
2004-09-30,1.2600878519922531,-155.95446755937076,1.21783173027826,0.6323212003409573,0.3569588934849044,0.3575,0.70904208592939,1.999416446214397,0.5375000000000001,1.7479497166666667,1.075,0.6962226711719869,1.5394436163697733
2004-12-31,1.457883978733543,-155.6370223819112,-0.3981139221649249,0.7723112799314258,0.5410873305271124,0.4875,0.8754105568949733,1.6931244960634473,0.5050000000000001,1.7736722999999999,1.0425,-0.4714204981737302,0.9913078641038631
2005-03-31,1.6223827776673083,-155.92467235553792,-0.176069100616838,0.796181557767639,0.7087515825966229,0.6175,0.13968021386352447,1.7185321403250242,0.4175,1.7583715500000001,1.075,0.08695128142977726,1.3804591584082981
2005-06-30,0.9273728701285844,-155.42803828660055,-0.06702921463684064,0.7172212572281289,0.49413016391950393,0.735,0.7324945093309054,1.6521716145842191,0.4524999999999999,1.7533854500000001,1.04,-0.4938289967131979,1.3877193466071969
2005-09-30,1.3570973582345491,-155.22267187496374,0.4243273994983948,0.9076698563575292,0.38844931123200865,0.865,0.6625380447502494,1.624201027724581,0.4425000000000001,1.7665758083333332,1.0525,0.24234061017432657,1.3200057130634324
2005-12-31,1.0307606331888763,-155.0478956577135,-0.2620495067113468,0.8183958755745735,0.6662169125054795,0.995,-0.18115574622630248,0.42195536918345766,0.4624999999999999,1.7347934916666667,1.1225,0.2023202790586093,1.9746801777017264
2006-03-31,1.7928871093195298,-154.70398173279972,1.169561853371523,0.7059832492691598,0.5778205817983384,1.1125,0.6494098917838365,1.8439440684272057,0.43499999999999983,1.7529864083333333,1.1425,0.7294452760002799,1.9970416288140225
2006-06-30,0.8346839620145374,-154.5666923870382,-0.6970596089092701,0.8692687550673206,0.7938542222637679,1.2275,0.22878056304209693,-1.0785029582537575,0.4175,1.706264875,1.2675,-1.078746358740124,0.9829022955012867
2006-09-30,0.5250296304577962,-154.55513010939455,-0.42931202339522995,0.6961715078453778,0.5368120158061984,1.3125,0.3407451669432682,-1.1332859650424965,0.4224999999999999,1.7152303500000001,1.225,-1.2533061179302751,0.7612307754256253
2006-12-31,0.895686943511409,-153.84778606456518,1.2051639185124794,0.3568942206318759,0.43021494335588883,1.31,0.10883218027668562,-0.6268971883867991,0.4125000000000001,1.7695645166666667,1.1575,-0.3316102365257266,0.26397817097181253
2007-03-31,0.8371016592881197,-154.18990293175014,1.316298057697092,0.9463163383516715,0.6863912800976202,1.3125,0.1675645837553752,-0.9388544190649384,0.405,1.7384405416666666,1.17,-1.0183722780868811,0.5328496145639683
2007-06-30,1.0247619821087017,-154.66259475732284,-0.7554637725484272,0.6928824147433232,0.4161169259850439,1.3125,0.13645345775517015,-0.4401288821346938,0.41000000000000014,1.7263835250000001,1.2125,-0.7367949001379113,0.8959958605397667
2007-09-30,0.8047966389081118,-154.91285316718,-0.09039968460499287,0.5450992300893631,0.48986908757751024,1.2675,0.37005020561844404,-1.461023664853478,0.47499999999999987,1.7362871666666666,1.1825,-1.6063147458703575,-0.6331848505301885
2007-12-31,0.7184663365657151,-155.00163486902323,0.7752337981754592,0.4042969195250379,0.6882658069848446,1.125,0.6887255281534443,-1.6973510734931807,0.5625,1.7767862666666665,1.065,-0.3960098051358826,0.12965560515292296
2008-03-31,-0.002091981681084931,-155.28587069770762,0.578157379796991,0.3694613744401387,0.5288766825979785,0.795,0.3623397036901288,-1.6572801457826358,0.7725,1.8324935416666666,0.915,-2.356078424901469,0.3640027288768888
2008-06-30,0.8177676576741177,-155.73692685641362,-0.3150499210959404,0.4832831465988008,0.4188128332562435,0.52,0.5036843600810137,-1.4235210905365392,0.775,1.8078959916666668,0.9725,-0.437997353947103,0.041486848265659404
2008-09-30,-0.07571101408099246,-156.7841129506367,0.2830859888529838,0.7505556504622923,0.5091330127975802,0.485,-0.7621674034814951,-2.971707240299537,0.8375,1.7801444666666666,0.965,-0.8120473210790671,0.3354590302155458
2008-12-31,-2.27598640157729,-158.50167375411732,1.0684381318892198,0.24179163475848142,-0.07842201673717852,0.1275,-3.0605753338499575,-6.442433646125423,1.3975,1.88256165,0.8125,-3.083983509620191,-2.360751074926215
2009-03-31,-1.2586428436436314,-160.95358258148937,-2.6456025879310188,-0.07902639892858332,-0.0011370032006574604,0.045,-0.8904069301178374,-8.970524378444722,1.3675000000000002,1.9382270583333332,0.685,-1.5226311809864888,-1.781118947768734
2009-06-30,-0.5769145986059154,-162.63879281197825,2.763394123171815,-0.16615899696601488,0.39036839477546437,0.045,-0.162835282264151,-5.094740200157943,1.1675,1.8845580416666667,0.8275,1.3973330510542528,-0.05013079467652837
2009-09-30,0.20037454489902906,-163.24865064836342,0.6715984105493054,0.11871316340155147,0.3538706130851388,0.0375,0.9687077738075978,-1.080855199543329,0.785,1.8316748833333332,0.88,1.1269621540594328,0.2603230162993242
2009-12-31,1.1176073203019499,-163.9661775962532,0.14167758400540145,0.31588117555321205,0.6210431400761607,0.03,0.06870263309162183,-0.32678873540259445,0.7175,1.8521483166666668,0.865,2.0037811201977704,1.582717089091945
2010-03-31,0.6622518346889539,-163.9143639340509,-1.25985711663587,0.2868119187756868,0.3415017062951442,0.0325,0.5675543684631634,-0.9525970654332028,0.6425,1.8391094,0.93,-0.48107147739398903,0.7253164313254956
2010-06-30,1.2346137862715878,-163.07086602509173,0.7054474046313493,0.4873768099495024,0.26901991454604257,0.0475,0.3444505945203957,2.799850085309785,0.6724999999999999,1.8499655750000001,0.8725,0.49904772451861434,1.2296551085673624
2010-09-30,0.8202856491563715,-162.94296640540404,0.27940074699285067,0.30354794698368437,0.1537193699446604,0.0475,0.3489893157590629,-0.011488441949580874,0.7475,1.9181269916666666,0.6975,1.1937749168307146,1.5515085852195298
2010-12-31,0.8479405188144273,-163.32899426160327,-0.2537554039021783,0.5788679938449448,0.31560841889257674,0.0475,0.4158727504757209,1.3804891968279165,0.7625000000000001,1.9334247166666665,0.715,-0.7011867062544456,0.5844545893976427
2011-03-31,0.21474513572692366,-163.19205214254032,1.3794531856587036,0.5105265522442615,0.4384175303544069,0.0375,0.6492013874286329,-0.4431328184713479,0.6575,1.8745423416666667,0.865,-1.3221487740159783,0.5629622598502415
2011-06-30,1.1394801353813655,-163.01421745820755,-1.5317115767263807,0.659154716699728,0.5826809821878776,0.0225,0.22820904591691615,1.97767725991973,0.6599999999999999,1.8728641666666666,0.8025,-0.373339575012856,1.1904999238928404
2011-09-30,0.3460894420013627,-162.99390389362912,0.17961217417978917,0.6004319301923466,0.4558412451705962,0.02,-0.06671689920558777,3.4811805856124423,0.7575,1.9351126583333333,0.6075,-1.3707529959442555,0.5818402168512371
2011-12-31,1.0026459411180522,-162.3482637949808,-1.6082118204239833,0.11856784502386475,0.35577516764480066,0.0175,0.15093149347267243,2.405119007304357,0.8,1.9717389333333335,0.5125,0.8698145038865356,0.802741402381768
2012-03-31,0.5894213039780105,-162.38091525183444,1.7825745919861975,0.5853357994473285,0.6287792141119297,0.025,-0.036718241441047184,2.1583130100209402,0.79,1.9810659916666666,0.51,1.3472890080075326,1.7276743028402652
2012-06-30,0.6378539124486604,-162.3613741190519,0.09188747612559056,0.4120114547452758,0.41268802359208934,0.0375,-0.21507998428900166,1.6731154844151774,0.8174999999999999,1.9899416916666666,0.455,-1.0668317697732954,0.4229202083146255
2012-09-30,0.4462886552982326,-162.34153971688247,-0.5508158565356351,0.5474348700762022,0.2885166014348073,0.035,-0.2993312841743645,-0.23487800477663967,0.8075000000000001,2.000421908333333,0.41,-1.7687625043342494,-0.5530131854988518
2012-12-31,0.36815303917001607,-162.01391312706534,2.043997686582852,0.4997287524340699,0.44192329695347254,0.04,0.20876798245748063,1.1812714499246368,0.7150000000000001,1.9960947500000001,0.4275,0.012413464030611571,1.6770463692250104
2013-03-31,1.1076421199129438,-162.31315319065064,-1.9332618392278456,0.3965074317791917,0.3898848637960306,0.035,0.33162718180426154,1.2934146042081096,0.7149999999999999,2.005072325,0.4875,-0.30683985773121936,0.11838533377912519
2013-06-30,0.2644849418712347,-162.17164767628108,0.46315056796421217,0.21513475410044336,0.2810545647719209,0.03,-0.09662691468586004,0.9237850619625121,0.71,2.005064658333333,0.5,-0.5467508310378634,0.6004025998385121
2013-09-30,1.0934968608126372,-162.36731908833937,-0.7063916767868876,0.4889520526200286,0.39257761376196854,0.0225,0.08350235757879076,1.4005964640507074,0.6725000000000001,1.9358214166666667,0.6775,-0.3552700059822012,0.33781030010784363
2013-12-31,1.1502417738289417,-162.66138275736034,0.2745048702354834,0.5274506580723148,0.4300627418327707,0.0225,0.471628703016691,1.4257606660995847,0.6525000000000001,1.9386184416666667,0.6875,0.23553874821712692,0.8564644248976627
2014-03-31,-0.1782260455512663,-162.44849281750058,1.5018408981006501,0.37863381601761503,0.3158196559201798,0.0175,0.22722480860704053,1.302505944648935,0.5900000000000001,1.9281106833333332,0.69,-1.8425705547975133,0.8259707417158868
2014-06-30,1.6301007668475087,-161.65772999643656,-1.1019553634039885,0.5642380598860797,0.43524612882599456,0.0225,0.6196294370924171,2.324116373180729,0.55,1.910694425,0.655,1.609759269374254,1.7234079945167124
2014-09-30,1.3725718911745233,-161.45438625173995,0.11990439609130613,0.410244235238455,0.37499195249930395,0.0225,0.6015768178252223,1.90389587924642,0.56,1.90211635,0.625,0.320277877911668,1.3070997270092644
2014-12-31,0.35849782664945096,-160.78254245779974,0.9762755672253314,0.09920020653533257,0.27070660500578825,0.025,0.6686251738302396,1.2364527192564978,0.6150000000000001,1.9132928916666665,0.57,-0.625513477397668,0.7115740539827442
2015-03-31,0.4176979450462248,-161.080895444342,1.208709699512544,-0.05475461289430328,0.16726320837330277,0.0275,-0.053827300306608095,0.29282259901002305,0.6325000000000001,1.9639665083333333,0.4925,0.3041134639811098,0.1905628711758034
2015-06-30,0.9662436307620759,-161.1915616178278,0.3114081494481592,0.572919843819264,0.4443277930223033,0.0325,0.38682378418455343,0.2538533877013194,0.665,1.9308112333333334,0.5425,-0.3712644232943979,0.6949963012727434
2015-09-30,0.4099216615090384,-160.99358081587962,0.3507104175291299,0.2647404423503197,0.32191193800201745,0.0325,0.4416421676896931,0.650882655389573,0.755,1.9133849500000002,0.555,-0.9812815307039144,0.1782979723243816
2015-12-31,-0.0734064630553366,-160.80278536105146,-0.1887633309557435,-0.0020495583202162493,0.24897644500052607,0.04,0.07646036285287039,-0.4764140540803652,0.8075,1.9284803,0.5475,-1.6149882475887853,-0.05834202486139084
2016-03-31,0.15818629677974982,-160.5513577158772,0.12262420664322926,-0.08714508156195677,0.4173401940435362,0.09,0.5541375685138128,0.1403763043651196,0.8474999999999999,1.941149775,0.48,0.2997769953641462,0.178532710348156
2016-06-30,0.7608860402613882,-160.65184086855464,-0.31946705875884884,0.6777261380499944,0.5469736273010284,0.0925,0.21212848924525574,0.14507375555208313,0.73,1.9425833833333335,0.4375,-2.1592236415185373,-0.03081251616787739
2016-09-30,0.6960732094800637,-160.5515654537667,0.1854703032354424,0.2553812009193912,0.4336110697914286,0.0975,0.515205188698431,0.7252630102083657,0.6749999999999999,1.9578640666666667,0.39,0.391994529046133,0.6445784675915611
2016-12-31,0.7688547303716486,-160.64085690046159,0.5840423075723307,0.48252465692035784,0.34392451384102074,0.1125,0.22162713286535407,0.6700371162169816,0.6275,1.92361855,0.5325,0.21747370167558217,0.7056212218761182
2017-03-31,1.1068725834690873,-160.13530651604785,0.49118174386281255,0.5083833499815782,0.4624297344232531,0.175,0.9519170361515172,1.225770406790616,0.555,1.8973904166666666,0.61,-0.42352382694813656,1.4333400622945636
2017-06-30,0.6131479034793941,-159.62018141504655,0.35327403502568827,0.26125416788893574,0.3341548147398399,0.2375,0.2290473789079428,1.0304409431180162,0.56,1.9226392749999999,0.565,-0.5007638566276881,0.6683534778765932
2017-09-30,1.0682221078062604,-159.7744659470952,0.7521337176040598,0.5124828544745164,0.30208481340681104,0.2875,0.2859197984421691,0.36224807630080846,0.5225,1.9159362249999998,0.56,0.23661394887313036,0.7736419922421689
2017-12-31,1.5057896426224904,-159.71418088027633,0.720173519300616,0.6131202644602318,0.44346854547212544,0.3,0.8424802567462031,1.6003140201513943,0.47499999999999987,1.8892382333333333,0.5925,0.38532627122047713,1.4441013325150909
2018-03-31,1.055752373749419,-159.34330520480208,0.00990770717529399,0.6340372481944634,0.6343689499837879,0.3625,0.39681919698884016,1.2221799884837736,0.4275,1.8750006416666665,0.69,-0.3205278464214891,0.9706031436002238
2018-06-30,1.0319681729108243,-159.13932498912882,-0.20432895248998859,0.70448081879535,0.535084717186951,0.435,0.151762668865274,0.6202698836652587,0.4650000000000001,1.8648429666666666,0.73,-0.15639014571342935,1.1024286619958357
2018-09-30,0.8161348414533087,-158.87869489764284,0.5533636756559385,0.43084775484629745,0.31889815915127073,0.4825,0.12767032354465968,-0.017730290689854655,0.46999999999999986,1.8439806,0.7325,-0.2154262405519748,1.1731622771731232
2018-12-31,0.32464275923524966,-158.938370340336,-0.08073204060301577,0.4299701170777048,0.4652353134082077,0.555,0.013857748009282744,-0.2255994632461622,0.5275,1.8406413583333334,0.7575,-1.14201102001966,0.5951516560181336
2019-03-31,1.0079708152106015,-158.79075117587638,2.392829042415881,0.3449716106566747,0.3990001108800101,0.6,0.12199812764475126,0.5219034795420185,0.58,1.9065752833333334,0.6625,0.9627016803167837,1.3744370527159155
2019-06-30,1.1373696232010566,-158.84111315531004,-0.4409883163394419,0.4950242422275153,0.4380361308789382,0.6,0.6469518561441845,1.5511702459571453,0.5674999999999999,1.9427428249999998,0.5825,-0.08457501427656099,0.5393254016774485
2019-09-30,1.2177704674765533,-158.71831567772475,-0.29645936248964727,0.3104294200223734,0.37448889414797293,0.5475,0.7242843583926906,0.7943117731155525,0.5549999999999999,1.9670297666666667,0.45,0.13624033438317,0.7469435072275044
2019-12-31,0.7302343987147797,-158.453795994494,1.397508532758745,0.3161648989141952,0.3164483507180016,0.4125,0.4893310792643213,-0.8310127626767638,0.53,1.9553445416666668,0.4475,0.09770819125027651,0.8756863174516294
2020-03-31,-0.7497776780542864,-159.33704415294315,2.2422154482092678,0.47333300828213964,0.42547954521801046,0.3125,-1.6624193498060436,-0.7822049579051082,0.6275000000000001,1.9897119833333332,0.345,-2.0202229786534844,0.00953517023596362
2020-06-30,-8.78487736566158,-171.86086791168486,6.771424999548092,-0.4035283151462288,-0.1904753364815548,0.015,-9.201486767239775,-7.650684565007815,0.805,2.0789533916666665,0.1725,-5.195718316664837,-9.64843645010176
2020-09-30,8.156106522334383,-165.34423411050275,-3.2162185343826892,0.8793691750033084,0.7644881258174863,0.0225,8.251629705580399,5.656526625864089,0.665,2.0384287083333335,0.1625,6.289893709213038,7.026377342510104
2020-12-31,1.5257730714768325,-162.74628416241376,1.602488159647232,0.6958996607965062,0.4392442207309166,0.0225,0.9578399297216045,3.257392026466732,0.61,2.0307216083333333,0.215,2.55561983454222,4.057300334884761
2021-03-31,2.640022777568829,-162.22463237261778,-1.2094502552739208,1.302234413394121,0.8764958803933354,0.02,2.037240372713711,1.69716991457598,0.5375000000000001,2.0162997166666665,0.33,0.0046423570930181485,2.130580692951156
2021-06-30,2.904510125440174,-161.22821975157336,-0.010496865303939729,1.508972141155951,1.461539040618387,0.0175,3.0844006165646753,0.7808460255446903,0.48999999999999994,1.9785176166666667,0.3975,0.02932405370405716,2.528646351427355
2021-09-30,2.125421969657726,-160.72716920684863,-0.13807010970493805,1.4667080957223355,1.178539105192744,0.0225,0.45457665233819,-0.30117359170258595,0.48000000000000004,1.9710200416666668,0.33,-0.36284228573510646,2.1979971334365356
2021-12-31,3.249927886013859,-159.55133508719234,-0.28706257442648736,1.7232559718245,1.265029243085447,0.02,0.7452662080614125,0.6560313765575643,0.4425,1.9474824083333333,0.385,0.6430704115526461,3.067450502045732
2022-03-31,1.0130856967730306,-158.9168659402966,-1.433147946965617,2.0063572443759448,1.4477685639837645,0.03,-0.6495105702528647,1.5481806482515736,0.5025000000000001,1.9029248666666665,0.485,-2.344852405560763,1.6295666419499977
2022-06-30,1.897680802822732,-158.73850706231426,-2.0585916292611346,2.1787241872967655,1.1531582835280219,0.1925,-0.08578694600771541,-0.10535500540154175,0.5224999999999999,1.793090625,0.7325,-1.6591313670582204,2.03901575456813
2022-09-30,1.5609314667859309,-158.87864898276024,0.6054341514214787,1.0911519601930486,1.2164792151438952,0.545,0.2554552990072345,-0.7721480823843052,0.5599999999999999,1.8176538333333334,0.7775,-0.9367603217952213,1.5641852724029182
2022-12-31,1.3855838642545582,-159.2452354376692,-0.9337259843194377,0.9462328240136486,1.1494925411226653,0.9125,0.16854826958150326,-1.6554482309810936,0.5349999999999999,1.7879286166666666,0.9575,-1.9042807938780288,-0.00834444394519629
2023-03-31,0.9880379578441456,-158.78509407228387,0.6009829146928949,0.9678804727500712,1.2094151194926184,1.1275,0.4457559005282441,0.2938230912933548,0.48749999999999993,1.8208356,0.9125,-0.7147289873885704,0.5558892055304021
2023-06-30,0.7359037815954927,-158.98104407636637,0.9705594480761859,0.4155922813927404,0.8986091581589584,1.2475,0.20887132336522285,0.6540103761869531,0.5225,1.8732333749999999,0.8975,-1.2193816851561665,0.3383906768575695
2023-09-30,1.7793076015802711,-158.87495551023824,0.3472474840056444,0.8146351404553442,0.5057059825691823,1.315,0.36759127410279646,0.034090013765997185,0.45499999999999985,1.8395835916666665,1.0375,-0.14129234889762002,1.0612381911115687
2023-12-31,1.0227072162567463,-159.08648896486224,0.465230649933579,0.413766223379497,0.5056584319917512,1.3325,0.6106685769725395,0.8306845961669751,0.4375,1.789567725,1.11,0.6035228587627092,1.3646727287708327
2024-03-31,,,,,,1.3325,,,0.39250000000000007,1.8317109999999999,1.04,,
